id,data,cliente_id,tipo,valor,descricao,categoria
1,2026-01-05,101,credito,3500.00,Salario mensal,Receita
2,2026-01-06,102,debito,180.50,Supermercado central,Alimentacao
3,2026-01-08,103,debito,85.00,Posto de combustivel,Transporte
4,2026-01-10,104,debito,1200.00,Aluguel apartamento,Moradia
5,2026-01-12,105,credito,15400.00,Venda de automovel seminovo,Outros
6,2026-01-15,101,debito,45.90,Farmacia Popular,Saude
7,2026-01-18,102,debito,320.00,Restaurante familiar,Alimentacao
8,2026-01-20,106,credito,250.00,Reembolso corporativo,Receita
9,2026-01-22,107,debito,79.90,Assinatura servico streaming,Lazer
10,2026-01-25,103,debito,450.00,Manutencao veiculo,Transporte
11,2026-01-28,108,credito,820.00,Servico freelance design,Receita
12,2026-01-30,109,debito,150.00,Conta de energia eletrica,Moradia
13,2026-02-02,104,credito,4200.00,Honorarios consultoria,Receita
14,2026-02-03,105,debito,62.00,Padaria e confeitaria,Alimentacao
15,2026-02-05,101,debito,210.00,Plano de internet fibra,Moradia
16,2026-02-07,110,debito,95.40,Uber viagens urbanas,Transporte
17,2026-02-10,102,credito,11500.00,Resgate aplicacao financeira,Investimentos
18,2026-02-12,106,debito,540.00,Supermercado atacadista,Alimentacao
19,2026-02-14,107,debito,130.00,Ingressos cinema e pipoca,Lazer
20,2026-02-17,103,debito,89.00,Consulta odontologica,Saude
21,2026-02-20,108,debito,2200.00,Curso de pos graduacao,Educacao
22,2026-02-22,109,credito,600.00,Cashback compras cartao,Receita
23,2026-02-25,110,debito,145.80,Material escolar papelaria,Educacao
24,2026-02-27,104,debito,410.00,Seguro residencial mensal,Moradia
25,2026-03-02,101,credito,3500.00,Salario mensal,Receita
26,2026-03-04,105,debito,98.50,Restaurante executivo,Alimentacao
27,2026-03-06,102,debito,310.00,Compras vestuario loja,Vestuario
28,2026-03-08,107,debito,75.00,Lavagem completa carro,Transporte
29,2026-03-11,103,debito,185.20,Compra medicamentos receita,Saude
30,2026-03-14,106,credito,1400.00,Venda videogame usado,Outros
31,2026-03-16,108,debito,52.00,Livraria e cafeteria,Lazer
32,2026-03-19,109,debito,390.00,Conta de agua e esgoto,Moradia
33,2026-03-22,110,credito,950.00,Rendimento dividendos,Investimentos
34,2026-03-25,104,debito,670.00,Supermercado compras mes,Alimentacao
35,2026-03-28,102,debito,115.00,Assinatura academia musculacao,Saude
36,2026-03-30,105,debito,240.00,Jantar comemorativo,Alimentacao
ID_INV_99,2026-01-16,101,debito,55.00,Teste id alfanumerico,Outros
,2026-01-19,102,credito,120.00,Teste id ausente,Outros
39,2026-02-08,,debito,300.00,Teste cliente_id vazio,Moradia
40,15/02/2026,103,credito,450.00,Teste formato data invalido barra,Receita
41,2026-02-31,104,debito,80.00,Teste data inexistente quebrada,Outros
42,2026-03-05,105,pix,150.00,Teste tipo pix invalido,Transferencia
43,2026-03-09,106,estorno,90.00,Teste tipo estorno invalido,Outros
44,2026-03-15,107,debito,-250.00,Teste valor negativo,Alimentacao
45,2026-03-18,108,credito,0.00,Teste valor zero,Receita
46,2026-03-21,109,debito,cem_reais,Teste valor com texto,Lazer
